rut,n_fila_rut,NOMBRE,JERARQUÍA,FUNCIÓN PRINCIPAL ACADÉMICA,NOMBRE DEPARTAMENTO FUNCIÓN PRINCIPAL,FECHA JERARQUIZACIÓN,OBSERVACIONES
10286160-4,1,JULIO ALEJANDRO GÓMEZ ESCUDERO,INSTRUCTOR DOCENTE,"FAC. ECONOMÍA, GOBIERNO Y COMUNICACIONES",ICO SERENA,11/7/2025,
10286160-4,2,JULIO ALEJANDRO GÓMEZ ESCUDERO,INSTRUCTOR DOCENTE,"FAC. ECONOMÍA, GOBIERNO Y COMUNICACIONES",ICO SERENA,11/7/2025,
10989977-1,1,GONZALO ALVAREZ SEURA,ASISTENTE DOCENTE,FAC. DERECHO Y HUMANIDADES,ESCUELA DE DERECHO,1/8/2019,
10989977-1,2,GONZALO ALVAREZ SEURA,ASISTENTE DOCENTE,FAC. DERECHO Y HUMANIDADES,ESCUELA DERECHO,1/8/2019,
16322128-4,1,CARLOS ANDRÉS ESPINOZA BARDALES,INSTRUCTOR DOCENTE,FAC. DE INGENIERÍA,FAC. DE INGENIERÍA,7/21/2025,
16322128-4,2,RODRIGO FELIPE ESPINOZA OLMEDO,ASISTENTE DOCENTE,FAC. DE CIENCIAS DE LA SALUD,PROGRAMA ESPECIAL DE QUIROPRAXIA COMO SEGUNDO,10/2/2025,
16356862-4,1,JOAQUÍN ALFONSO GARCÍA OSORIO,INSTRUCTOR DOCENTE,FAC. DE CIENCIAS DE LA SALUD,PSICOLOGIA,3/20/2023,
16356862-4,2,JOAQUÍN ALFONSO GARCÍA OSORIO,INSTRUCTOR DOCENTE,FAC. DE CIENCIAS DE LA SALUD,PSICOLOGÍA,3/20/2023,
19925201-1,1,FERNANDA CAROLINA INOSTROZA MERY,INSTRUCTOR DOCENTE,FAC. DE INGENIERÍA,ESCUELA ING CIVIL COMPUT E INFORMATICA,4/3/2025,
19925201-1,2,FERNANDA CAROLINA INOSTROZA MERY,INSTRUCTORA DOCENTE,FAC. DE INGENIERÍA,ESCUELA ING CIVIL COMPUT E INFORMATICA,4/3/2025,
25600736-3,1,"JORG ALFRED  STIPPEL,",ASOCIADO REGULAR,"DIRECCION DE INVESTIGACION, INNOVACION Y POSTGRADO",INSTITUTO DE INVESTIGACIÓN Y POSTGRADOS,5/19/2017,
25600736-3,2,JORG ALFRED STIPPEL ,ASOCIADO REGULAR,FAC. DERECHO Y HUMANIDADES,"DIRECCION DE INVESTIGACION, INNOVACION Y POSTGRADO",5/19/2017,
